A P IMP XI,
A VITELLIVS GER IMP AVG P M T P P,
A VITELLIVS GER IMP AVG P MAX TR P,
A VITELLIVS GERM IMP AVG P M TR P,
A VITELLIVS GERM IMP AVG TR P,
A VITELLIVS GERM IMP TR P,
A VITELLIVS GERMA IMP AVG P M TR P,
A VITELLIVS GERMAN IMP AVG P M TR P,
A VITELLIVS GERMAN IMP TR P,
A VITELLIVS GERMANICVS IMP,
A VITELLIVS GERMANICVS IMP AVG,
A VITELLIVS GERMANICVS IMP AVG P M TR P,
A VITELLIVS IMP GERMAN,
A VITELLIVS IMP GERMANICVS,
AC IT IB,
ADLOCVT COH,
ADLOCVT COH S C,
ADLOCVTIO S C,
ADSERTOR LIBERTATIS,
AEGVPT CAPTA,
AEGVPTO CAPTA,
AEGYPTO CAPTA,
AEQVITAS AVGVSTI S C,
AEQVITAS S C,
AGRIPP AVG DIVI CL AVD NERONIS CAES MATER,
AGRIPP AVG DIVI CL AVD NERONIS CAES MATER EX S C,
AGRIPP AVG DIVI CLAVD NERONIS CAES MATER EX S C,
AGRIPPINA AVG GERMANICI F CAESARIS AVG,
AGRIPPINA AVGVSTA CAESARIS AVG,
AGRIPPINA AVGVSTA MATER AVGVSTI,
AGRIPPINA AVGVSTA MATER AVGVSTI KK,
AGRIPPINA AVGVSTAE,
AGRIPPINA DRVSILLA IVLIA S C,
AGRIPPINA M F GERMANICI CAESARIS,
AGRIPPINA M F MAT C CAESARIS AVGVSTI,
AGRIPPINA MAT C CAES AVG GERM,
AGRIPPINAE AVGVSTAE,
ANNONA AVG S C,
ANNONA AVGVSTI CERES,
ANNONA AVGVSTI CERES S C,
ANNONA AVGVSTI S C,
ANTONIA AVGVSTA,
APRONIVS GALVS A A A F F,
APRONIVS MESSALLA A A A F F,
APRONIVS SISENNA A A A F F,
ARA PACIS S C,
ARMENIA RECEPTA,
ARMENIAC,
ARTAXIAS GERMANICVS,
ASIA RECEPTA,
AT,
AVG DIVI F,
AVG DIVI F P P,
AVG IMP,
AVGVR PONTIF,
AVGVST DIVI F LVDOS SAE,
AVGVST TR POT,
AVGVST TRIB POTEST,
AVGVSTA S C,
AVGVSTA S C R XL,
AVGVSTI S POR OST C,
AVGVSTO OB C S,
AVGVSTVS AVGVSTA,
AVGVSTVS COS XI,
AVGVSTVS DIVI F IMP,
AVGVSTVS GERMANICVS,
AVGVSTVS P R,
AVGVSTVS S C,
AVGVSTVS TR POT,
AVGVSTVS TR POT VII,
AVGVSTVS TR POT VIII,
BON EVEN,
BON EVENT,
BON EVENT ET FELICITAS,
BONI EVENT,
BONI EVENTVS,
C ANTIST REGIN FOE DVS P R QVM GABINIS,
C ANTIST VETVS FOED P R CVM GABINIS,
C ANTIST VETVS FOR DVS P R QVM GABINIS,
C CAES AVGVS F,
C CAESAR AVG GERM P M TR POT,
C CAESAR AVG GERM P M TR POT COS,
C CAESAR AVG GERMANICVS,
C CAESAR AVG GERMANICVS P M TR POT PIETAS,
C CAESAR AVG GERMANICVS PON M TR POT,
C CAESAR AVG PON M TR POT III COS III,
C CAESAR AVG PON M TR POT IIII COS IIII,
C CAESAR DIVI AVG PRON AVG,
C CAESAR DIVI AVG PRON AVG P M TR P III P P,
C CAESAR DIVI AVG PRON AVG P M TR P IIII P P,
C CAESAR DIVI AVG PRON AVG P M TR P IIII P P PIETAS,
C CAESAR DIVI AVG PRON AVG P M TR POT III P P,
C CAESAR DIVI AVG PRON AVG P M TR POT III PP,
C CASSIVS C F CELER IIIVIR A A A F F,
C CENSORINVS L F AVG IIIVIR A A A F F,
C GALLIVS C F LVPERCVS IIIVIR A A A F F,
C L CAESARES PRINCI IVIN COS DISICNA,
C MARCI L F CENSORIN AVG IIIVIR A A A F F,
C NAEVIVS CAPELLA,
C PLOTIVS RVFVS IIIVIR A A A F F,
C RVBELLIVS BLANDUS,
C RVBELLIVS BLANDVS,
C SVLPIC PLATORIN,
C SVLPICIVS PLATORIN,
CA,
CAESAR AVG TR POTEST,
CAESAR AVG TRIB POT,
CAESAR AVG TRIB POTEST,
CAESAR AVG TRIBVN POTES,
CAESAR AVG TRIBVN POTEST,
CAESAR AVG TRIBVNI POTES,
CAESAR AVG TRIBVNIC POTEST,
CAESAR AVGV TRIB POTEST,
CAESAR AVGV TRIBVN POTES,
CAESAR AVGVS TRIBVN POTES,
CAESAR AVGVST,
CAESAR AVGVST TRIB POTEST,
CAESAR AVGVST TRIBVN POTEST,
CAESAR AVGVST TRIBVNI POTEST,
CAESAR AVGVSTVS S C,
CAESAR AVGVSTVS TR POT,
CAESAR COS VI,
CAESAR COS VII CIVIBVS SERVATEIS,
CAESAR DIVI F ARME CAPT,
CAESAR DIVI F ARMEN CAPTA IMP VIIII,
CAESAR DIVI F ARMEN RECE IMP VIIII,
CAESAR DIVI F ARMINIA CAPTA,
CAESAR DIVI F AVGVST,
CAESAR DIVI F COS VI,
CAESAR DIVI F COS VII,
CAESAR IMP VII,
CAESAR PONT MAX,
CAESARI AVGVSTO EX SC,
CAESARI DIVI F,
CAISAR,
CER QVINQ RMA CO S S C,
CER QVINQ ROM CO S C,
CER QVINQ ROM CO S S C,
CER QVINQ ROM CON S C,
CER QVINQ ROMAE CON S C,
CER QVINQ ROMAE CONS S C,
CERES AVG,
CERES AVG S C,
CERES AVGVSTA  S C,
CERES AVGVSTA S C,
CERT QVINQ ROM CO S S C,
CERT QVINQ ROM CON S S C,
CERTA QVINQ ROM CO S S C,
CERTA QVINQ ROM CON S C,
CERTA QVINQ ROM CON S S C,
CERTAM QVINQ ROM CO,
CERTAMEN QVINQ ROM CO,
CIVIB ET SIGN MILIT A PART RECVP,
CIVIB ET SIGN MILIT A PART RECVPER,
CIVITATIBVS ASIAE RESTITVTIS,
CLEMENTIA IMP GERMAN,
CLEMENTIA IMP GERMAN  S C,
CLEMENTIA IMP GERMANICI,
CLEMENTIAE S C,
CN PISO C PLOT L SVRDIN,
CN PISO C PLOTIVS L SVRDIN,
CN PISO L SVRDIN C PLOT RVF,
COL  NEM,
COL NIM,
COM ASIAE,
CONCORD,
CONCORD AVG S C,
CONCORDIA AVG S C,
CONCORDIA AVGVSTA,
CONCORDIA AVGVSTI S C,
CONCORDIA HISPANIARVM ET GALIARVM,
CONCORDIA ORB TER,
CONCORDIA P R,
CONCORDIA PRAETORIANORVM,
CONCORDIA PROVINCIA,
CONCORDIA PROVINCIARVM,
CONG I DAT POP S C,
CONG II DAT POP,
CONG II DAT POP R,
CONG II DAT POP S C,
CONSENSV SENAT ET EQ ORDIN P Q R,
CONSENSVS EXERCITVM,
CONSENSVS EXERCITVVM,
CONSENSVS EXERCITVVM S C,
CONSENSVS HISPANIARVM S C,
CONSTANTIAE AVGVSTI,
CONSTANTIAE AVGVSTI S C,
CONSTANTIAE AVGVSTI SC,
COS DES PRINCI IVVENT,
COS IMP CAESAR AVGV XI,
COS IMP CAESAR AVGVS XI,
COSSVS CN F LENTVLVS,
COSSVS LENTVLVS RES PVB AVGVST,
CRISPINV A A A F F,
DE BRITANN,
DE BRITANNIS,
DE GERM,
DE GERMANIS,
DECVRSIO,
DIAN EPHE,
DIANA EPHESIA,
DIVA AVGVSTA,
DIVA AVGVSTA S C,
DIVI F AVG PONT,
DIVO AVG S C,
DIVO AVGVSTO S P Q R,
DIVOS AVGVST DIVI F,
DIVOS CLAVD AVGVST GERMANIC PATER AVG,
DIVVS AVG P P,
DIVVS AVG PATER PATRIAE,
DIVVS AVGVSTVS,
DIVVS AVGVSTVS PATER,
DIVVS AVGVSTVS PATER PATRIAE,
DIVVS AVGVSTVS S C,
DIVVS CLAVDIVS AVGVSTVS,
DRVSVS CAES TI AVG F COS II P IT,
DRVSVS CAES TI AVG F COS II TR P,
DRVSVS CAES TI AVG F COS II TR P IT,
DRVSVS CAESAR TI AVG F DIVI AVG N,
DRVSVS CAESAR TI AVG F DIVI AVG N PONT TR POT II,
DRVSVS CAESAR TI AVGVSTI F TR POT ITER,
EQVESTER ORDO PRINCIPI IVVENT,
EX S C,
EX S C OB CIVES SER,
EX S C OB CIVES SERVATOS,
EX SC OB CIVES SERVATOS,
EX SC P P OB CIVES SERVATOS,
FELICITAS AVGVST S C,
FELICITAS PVBLICA S C,
FIDES,
FIDES EXERCITVVM,
FIDES EXERCITVVM S C,
FIDES PRAETORIANORVM,
FIDES PVBLICA S C,
FLORENTE FORTVNA P R,
FORT RED CAES AVG S P Q R,
FORTVN REDV CAESARI AVG S P Q R,
FORTVN REDVC CAESARI AVG S P Q R,
FORTVNA  AVG,
G P R,
GALBA IMP,
GALBA IMPER,
GALBA IMPERATOR,
GALLIA,
GALLIA HISPANIA,
GALVS APRONIVS A A A F F,
GALVS MESSALLA A A A F F,
GALVS SISENNA A A A F F,
GENIO AVGVSTI,
GENIO AVGVSTI S C,
GENIO AVGVSTI S C I,
GENIO P R,
GENIVS P R,
GER P M TR P IMP P P S C,
GER PON MAX TR P IMP P P,
GERMANICVS CAES P C CAES AVG GERM,
GERMANICVS CAESAR,
GERMANICVS CAESAR TI AVG F COS II,
GERMANICVS CAESAR TI AVG F DIVI AVG N,
GERMANICVS CAESAR TI AVGVST F DIVI AVG N,
GERMANVS INDVTILLI F,
HERCVLES ADSERTOR,
HISPANIA CLVNIA SVL S C,
HISPANIA S C,
HONOS ET VIRTVS S C,
I O M CAPITOLINVS,
I O M S P Q R V S PR S IMP CAE QVOD PER EV R P IN AMP AT Q TRAV S E,
I O MAX CAPITO S C,
I O MAX CAPITOLIN,
I O MAX CAPITOLINVS,
IANVM CLVSIT PACE P R TERRA MARIQ PARTA,
IMP,
IMP AVGVST TR POT,
IMP CAESAR AVGVS TR POT IIX,
IMP CAESAR AVGVS TR POT VIII,
IMP CAESAR AVGVSTV,
IMP CAESAR AVGVSTVS,
IMP CAESAR DIVI F,
IMP CAESAR DIVI F AVGVST COS VII,
IMP CAESAR DIVI F AVGVSTVS IMP XX,
IMP CAESAR DIVI F COS VI LIBERTATIS P R VINDEX,
IMP CAESAR TR POT IIX,
IMP CAESARI SCARPVS IMP,
IMP DIVI F P P,
IMP GALBA,
IMP GALBA CAESAR AVG P P,
IMP IX TR PO IV,
IMP IX TR PO V,
IMP M OTHO CAESAR AVG TR P,
IMP NERO CAESAR AVG,
IMP NERO CAESAR AVG GERM,
IMP NERO CAESAR AVG GERMANIC,
IMP NERO CAESAR AVG P M TR P P P,
IMP NERO CAESAR AVG P M TR POT P P,
IMP NERO CAESAR AVG P MAX,
IMP NERO CAESAR AVG P MAX TR P P,
IMP NERO CAESAR AVG P MAX TR P P P,
IMP NERO CAESAR AVG P MAX TR POT P P,
IMP NERO CAESAR AVG P MAX TRIB POT P P,
IMP NERO CAESAR AVG P P,
IMP NERO CAESAR AVG PONT,
IMP NERO CAESAR AVG PONT MAX TR P P P,
IMP NERO CAESAR AVG PONT MAX TR POT P P,
IMP NERO CAESAR AVG PONTIF,
IMP NERO CAESAR AVG PONTIF MAX TRIB POT P P,
IMP NERO CAESAR AVGVSTVS,
IMP NERO CLAVD CAESAR AVG GER P M TR P P P,
IMP NERO CLAVD CAESAR AVG GERM P M TR P XIII P P,
IMP NERO CLAVD CAESAR AVG GERM P M TR P XIV P P,
IMP NERO CLAVDIVS CAESAR AVG GER P M TR PPP,
IMP OTHO CAESAR AVG TR P,
IMP SER GALBA  AVG,
IMP SER GALBA  AVG TR P,
IMP SER GALBA  AVGVSTVS,
IMP SER GALBA CAE AVG TR P,
IMP SER GALBA CAES AVG P M TR P,
IMP SER GALBA CAES AVG PON M TR P,
IMP SER GALBA CAES AVG TR P,
IMP SER GALBA CAESAR AVG,
IMP SER GALBA CAESAR AVG P M,
IMP SER GALBA CAESAR AVG P M TR P,
IMP SER GALBA CAESAR AVG TR P,
IMP SER SVLP GALBA CAES AVG TR P,
IMP SER SVLPI GALBA CAES AVG TR P,
IMP SER SVLPIC GALBA CAES AVG TR P,
IMP SER SVLPICIVS GALBA CAESAR AVG,
IMP X ACT,
IMP X AVG DIVI F,
IMP X SICIL,
IMP XI,
IMP XI SICIL,
IMP XII ACT,
IMP XII SICIL,
IMP XII SICILI,
IMP XIIII,
IMP XV SICIL,
IMPER RECEPT,
IMPERATOR PONT MAX AVG TR POT,
IO MAX CAPITOLINVS,
IOV TON,
IOVI VOT SVSC PRO SAL CAES AVG S P Q R,
IOVIS TON,
IOVIS TONANT,
IOVIS TONANTIS,
IVPPITER CONSERVATOR,
IVPPITER CVSTOS,
IVPPITER LIBERATOR,
IVPPITER VICTOR,
L AQVILLIVS FLORVS III VIR,
L AQVILLIVS FLORVS III VIR SICIL,
L C MACRI CARTHAGO S C,
L CANINIVS GALLVS IIIVIR AVGVSTVS TR POT,
L CANINIVS GALLVS OB C S,
L CLODI MACR LIBERATRIX S C,
L CLODI MACRI,
L CLODI MACRI CARTHAGO S C,
L CLODI MACRI LIBERA S C,
L CLODI MACRI LIBERATRIX S C,
L CLODI MACRI S C,
L CLODI MACRI S← C,
L CLODIVS MACER S C,
L LENTVLVS FLAMEN MARTIALIS,
L MACRI S C,
L MESCINIVS AVG SVF P,
L MESCINIVS RVFVS,
L MESCINIVS RVFVS IIIVIR,
L MESCINIVS RVFVS IIIVIR S C,
L MESCINIVS RVFVS IIIVIR XV SF,
L NAEVIVS SVRDINVS IIIVIR A A A F F,
L SVRDINVS IIIVIR A A A F F,
L VALERIVS CATVLLVS,
L VINICIVS,
L VINICIVS L F IIIVIR,
L VITELL CENSOR II S C,
L VITELL CENSOR III S C,
L VITELLI III COS CENSOR,
L VITELLIVS COS III CENSOR,
LAMIA SILIVS ANNIVS,
LEG XVI,
LEGION XV PRIM,
LIB AVG LEG III,
LIB AVG S C R XL,
LIB LEG III,
LIBERI IMP GERM AVG,
LIBERI IMP GERMAN,
LIBERIS IMP GERMANICI,
LIBERT AVG S C,
LIBERT AVG S C R XL,
LIBERTAS,
LIBERTAS AVGVS S C,
LIBERTAS AVGVST S C R XL,
LIBERTAS AVGVSTA S C,
LIBERTAS AVGVSTA SC,
LIBERTAS AVGVSTI S C,
LIBERTAS P R,
LIBERTAS PVBLICA,
LIBERTAS PVBLICA S C,
LIBERTAS RESTITVTA,
LIBERTAS RESTITVTA S C,
LIBERTATI,
M AGRIPPA COS TER COSSVS LENTVLVS,
M AGRIPPA L F COS III,
M AGRIPPA PLATORINVS IIIVIR,
M DVRMIVS III VIR HONORI,
M DVRMIVS IIIVIR HONORI,
M MAECILIVS TVLLVS IIIVIR A A A F F,
M SALVIVS OTHO IIIVIR A A A F F,
M SANQVINIVS IIIVIR,
M SANQVINIVS Q F IIIVIR A A A F F,
MAC AVG,
MAC AVG S C,
MAC AVG S C II,
MACRIA N A LIB LEG I,
MACRIAN LIB LEG I,
MACRIANA LIB LEG I,
MAR VLT,
MARS ADSERTOR,
MARS VICTOR S C,
MARS VLTOR,
MART VLT,
MART VLTO,
MARTI VLTORI,
MARTIS VLTORIS,
MAX TRIB POT P P S C,
MESSALLA APRONIVS A A A F F,
MESSALLA APRONIVS IIIVIR,
MESSALLA GALVS A A A F F,
MESSALLA GALVS IIIVIR,
MESSALLA SISENNA A A A F F,
MESSALLA SISENNA IIIVIR,
MESSALLINA AVGVSTA,
MODERATIONI S C,
MODERATIONIS S C,
MONETA,
NERO CAE AVG IMP,
NERO CAES AVG IMP,
NERO CAESAR,
NERO CAESAR AVG GER IMP,
NERO CAESAR AVG GERM IMP,
NERO CAESAR AVG IMP,
NERO CAESAR AVG IMP TR POT P P,
NERO CAESAR AVG IMP TR POT XI P P P,
NERO CAESAR AVGVSTVS,
NERO CALV CAESAR AVG GER,
NERO CL CAE AVG,
NERO CL CAE AVG GER,
NERO CL CAES AVG GER,
NERO CL DIVI F CAES AVG P M TR P II,
NERO CLA CA AVG GER,
NERO CLA CAE AVG GER,
NERO CLA CAE AVG GERM,
NERO CLA CAES AVG GER,
NERO CLAV CAE AVG,
NERO CLAV CAE AVG GER,
NERO CLAV CAE AVG GER P M TR P IM,
NERO CLAV CAESAR AVG GER,
NERO CLAVD CAES AVG GER,
NERO CLAVD CAES DRVS GERM PRINC IVVENT,
NERO CLAVD CAES DRVSVS GERM PRINC IVVENT,
NERO CLAVD CAESAR AVG,
NERO CLAVD CAESAR AVG GE,
NERO CLAVD CAESAR AVG GER,
NERO CLAVD CAESAR AVG GER P M TR IMP P P,
NERO CLAVD CAESAR AVG GER P M TR P IMP,
NERO CLAVD CAESAR AVG GER P M TR P IMP P,
NERO CLAVD CAESAR AVG GERM,
NERO CLAVD CAESAR AVG GERM P M TR P IMP,
NERO CLAVD CAESAR AVG GERM P M TR P IMP P,
NERO CLAVD CAESAR AVG GERM P M TR P IMP P P,
NERO CLAVD CAESAR AVG GERMA,
NERO CLAVD CAESAR AVG GERMAN,
NERO CLAVD CAESAR AVG GERMANI,
NERO CLAVD CAESAR AVG GERMANIC,
NERO CLAVD CAESAR AVG GERMANICV,
NERO CLAVD CAESAR AVG GERMANICVS,
NERO CLAVD DIVI CLAVD F CAESAR AVG GERM,
NERO CLAVD DIVI CLAVD F CAESAR AVG GERMA,
NERO CLAVD DIVI CLAVD F CAESAR AVG GERMANI,
NERO CLAVD DIVI F CAES AVG GERM IMP TR P COS,
NERO CLAVD DRVSVS GERMANICVS IMP,
NERO CLAVDIVS CAESAR AVG GER P M TR P IMP P,
NERO CLAVDIVS CAESAR AVG GER P M TR P IMP P P,
NERO CLAVDIVS CAESAR AVG GERM,
NERO CLAVDIVS CAESAR AVG GERM P M TR P IMP P P,
NERO CLAVDIVS CAESAR AVG GERMA,
NERO CLAVDIVS CAESAR AVG GERMAN,
NERO CLAVDIVS CAESAR AVG GERMANIC,
NERO CLAVDIVS CAESAR AVG GERMANICVS,
NERO CLAVDIVS DRVSVS GERMAN IMP,
NERO CLAVDIVS DRVSVS GERMAN IMP S C,
NERO CLAVDIVS DRVSVS GERMANICVS IMP,
NERO ET DRVSVS CAESARES,
NERONI CLAVD CAES DRVSO GERM,
NERONI CLAVD DIVI F CAES AVG GERM IMP TR P,
NERONI CLAVDIO DRVSO GERM COS DESIGN,
NERONI CLAVDIO DRVSO GERMANICO COS DESIGN,
OB CIVES SERVAT,
OCTAVIA BRTIANNICVS ANTONIA,
P BETILIENVS BASSVS,
P CARISI LEG,
P CARISIVS LEG,
P CARISIVS LEG AVGVSTI EMERITA,
P CARISIVS LEG PRO PR EMERITA,
P LICINIVS STOLO IIIVIR A A A F F,
P LVRIVS AGRIPPA IIIVIR A A A F F,
P M TR P IMP P P,
P M TR P IMP P P S C,
P M TR P P P S S C,
P P OB CIVES SERVATOS,
P PETRON TVRPILIAN III VIR,
P PETRON TVRPILIAN IIIVIR FERO,
PACE P R TERRA MARIQ PARTA IANVM CLVSIT S C,
PACE P R VBIQ PARTA IANVM CLVSIT S C,
PACI AVGVSTAE,
PACI P R,
PAX AVG S C,
PAX AVGVSTA S C,
PAX ET LIBERTAS,
PAX GER ROM S C,
PAX ORBIS TERRARVM,
PAX P R,
PAXS AVGVSTI S C,
PIA FELICITAS,
PIETAS AVGVSTI S C,
PM TR POT COS,
PM TR POT IIII,
PM TR POT ITER,
PON M TR P III P P COS DES III,
PON M TR P III P P COS TERT,
PON M TR P IIII P P COS TERT,
PON M TR P IMP COS DES IT,
PON M TR P IMP COS II,
PON M TR P IMP P P,
PON M TR P IMP P P COS II,
PON M TR P IMP P P S C,
PON MA TR P IMP P P S C,
PON MAX TR P IMP P P,
PONT MAX,
PONT MAX TR POT IMP,
PONT MAXI TR POT IMP,
PONT MAXIM,
PONT MAXIM COS III IMP VII TR POT XXI,
PONT MAXIM COS III IMP VII TR POT XXII,
PONTIF MA TR P IMP P P S C,
PONTIF MAX,
PONTIF MAX TR P II P P,
PONTIF MAX TR P III COS II,
PONTIF MAX TR P III P P,
PONTIF MAX TR P IIII P P,
PONTIF MAX TR P IMP P P,
PONTIF MAX TR P IMP P P S C,
PONTIF MAX TR P IMP P P S C I,
PONTIF MAX TR P P P S C,
PONTIF MAX TR P V P P,
PONTIF MAX TR P VI COS IIII P P,
PONTIF MAX TR P VI P P,
PONTIF MAX TR P VII COS IIII P P,
PONTIF MAX TR P VII COS IIII P P EX S C,
PONTIF MAX TR P VIII COS IIII P P EX S C,
PONTIF MAX TR P VIIII COS IIII P P EX S C,
PONTIF MAX TR P X COS IIII P P EX S C,
PONTIF MAX TR POT IMP P P,
PONTIF MAX TR POT IMP P P  S C,
PONTIF MAX TR POT IMP P P  S C I,
PONTIF MAX TR POT IMP P P S C,
PONTIF MAX TR POT IMP P P S C I,
PONTIF MAX TR POT P P S C,
PONTIF MAX TR POT XXXVI S C,
PONTIF MAX TR POT XXXVII S C,
PONTIF MAX TR POTEST IMP P P S C I,
PONTIF MAXIM,
PONTIF MAXIM TRIBVN POT XXXIIII,
PONTIF MAXIM TRIBVN POTEST XVII S C,
PONTIF MAXIM TRIBVN POTEST XXII S C,
PONTIF MAXIM TRIBVN POTEST XXIIII,
PONTIF MAXIM TRIBVN POTEST XXXIIX S C,
PONTIF TRIBVN POTEST ITER,
PONTIFEX TRIBVN POTESTATE XII,
PORT AVG S C,
PRAETOR RECEPT,
PRO VALETVDINE CAESARIS S P Q R,
PROPRA AFRICA,
PROPRAE AFRICAE,
PROVIDENT S C,
PVLCHER TAVRVS REGVLVS,
Q AELIVS L F LAMIA IIIVIR A A A F F,
Q AELIVS LAMIA IIIVIR A A A F F,
Q RVSTIVS FORTVNAE,
Q RVSTIVS FORTVNAE ANTIAT,
QVADRAGENS REMISSAE S C,
QVADRAGENSVMA REMISSA S C,
QVADRAGENSVMAE REMISS[  ] S C,
QVOD VIAE MVN SVNT,
RESTITVTA,
RESTITVTA P R,
ROM ET AVG COM ASI,
ROM RENASC,
ROMA RENASC,
ROMA RENASCEN,
ROMA RENASCENS,
ROMA RENASCENS S C,
ROMA RENASCES,
ROMA RESTI S C,
ROMA RESTITVTA,
ROMA S C R XL,
ROMA VICTRIX,
S C OB R P CVM SALVT IMP CAESAR AVGVS CONS,
S P Q R  CL V,
S P Q R  IMP CAESARI AVG COS XI TRI POT VI,
S P Q R  IVLIAE AVGVST,
S P Q R  MEMORIAE AGRIPPINAE,
S P Q R  O B CIV SER,
S P Q R  O B CIVES SERVAT,
S P Q R  OB C S,
S P Q R  P P OB CIVES SERVATOS,
S P Q R  PARE CONS SVO,
S P Q R  PAREN CONS SVO,
S P Q R  PARENT CONS SVO,
S P Q R  PARENTI CONS SVO,
S P Q R  PP OB CS,
S P Q R CL V,
S P Q R IMP CAES,
S P Q R OB C S,
S P Q R OB CIV SER,
S P Q R OB CIVES SERVATOS,
S P Q R P P OB CS,
S P R SIGNIS RECEPTIS,
SACERD COOPT IN OMN CONL SVPRA NVM EX S C,
SACERD COOPT IN OMN CONL SVPRA NVM EX SC,
SACERDOS DIVI AVGVSTI,
SALVS AVGVSTA,
SALVS AVGVSTA S C,
SALVS AVGVSTI S C,
SALVS ET LIBERTAS,
SALVS GEN HVMANI,
SALVS GENE HVMANI,
SALVS GENER HVMANI,
SALVS GENERIS HVMANI,
SALVS PVBLIC,
SALVTARIS,
SALVTIS,
SC,
SCARPVS IMP,
SECVRITAS AVGVSTI,
SECVRITAS AVGVSTI S C,
SECVRITAS AVGVSTI S C II,
SECVRITAS IMP GERMAN,
SECVRITAS P R,
SECVRITAS P ROMANI S C,
SECVRITAS ROMANI S C,
SENAT P Q R,
SENAT P Q ROMANVS,
SENATVS P Q ROMANVS,
SENATVS PIETATI AVGVSTI S C,
SENATVS POP Q ROMANVS,
SER GALBA  AVG,
SER GALBA AVG IMP,
SER GALBA CAESAR AVG,
SER GALBA IMP,
SER GALBA IMP AVG,
SER GALBA IMP AVGVSTVS,
SER GALBA IMP CAES AVG,
SER GALBA IMP CAES AVG P M TR P,
SER GALBA IMP CAES AVG TR P,
SER GALBA IMP CAESAR AVG P M T P,
SER GALBA IMP CAESAR AVG P M TR P,
SER GALBA IMP CAESAR AVG P M TR P P P,
SER GALBA IMP CAESAR AVG PO MA TR P,
SER GALBA IMP CAESAR AVG PON M TR P P P,
SER GALBA IMP CAESAR AVG PON M TR POT,
SER GALBA IMP CAESAR AVG PON MA TR P,
SER GALBA IMP CAESAR AVG PONT MAX TR P,
SER GALBA IMP CAESAR AVG TR P,
SER GALBA IMPERATOR,
SER GALBAE HISPANIA,
SER SVLPI GALBA IMP CAE AVG P M TR P,
SER SVLPI GALBA IMP CAESAR AVG P M TR P,
SER SVLPI GALBA IMP CAESAR AVG TR P,
SER SVLPIC GALBA IMP CAESAR AVG P M TR P,
SER SVLPICI GALBAE IMP A,
SER SVLPICIVS GALBA,
SER SVLPICIVS GALBA IMP AVG,
SER SVLPIVS GALBA IMP AVG S C,
SERV GALBA IMP,
SERVIVS GALBA IMPERATOR,
SEX NONIVS QVINCTILIAN IIIVIR A A A F F,
SICILIA,
SIGNA P R,
SIGNIS PARTHIC RECEPT,
SIGNIS PARTHIC RECEPTIS,
SIGNIS PARTHICIS RECEPTIS,
SIGNIS RECEPT DEVICTIS GERM S C,
SISENNA APRONIVS A A A F F,
SISENNA APRONIVS IIIVIR,
SISENNA GALVS A A A F F,
SISENNA GALVS IIIVIR,
SISENNA MESALLA A A A F F,
SISENNA MESSALLA IIIVIR,
SPES AVGVSTA S C,
S←ICILIA,
T CRISPINVS IIIVIR A A A F F,
T CRISPINVS SVLPICIAN IIIVIR A A A F F,
T CRISPINVS SVLPICIANVS IIIVIR A A A F F,
T QVINCTI CRISPIN SVLP IIIVIR A A A F F,
T QVINCTIVS CRISPIN SVLPIC IIIVIR A A A F F,
T QVINCTIVS CRISPINV IIIVIR A A A F F,
T QVINCTIVS CRISPINVS IIIVIR A A A F F,
T QVINCTIVS CRISPINVS SVLPIC IIIVIR A A A F F,
TI CAES AVG P M TR P XXXIV,
TI CAES AVG P M TR P XXXV,
TI CAESAR AVG P M TR P XX,
TI CAESAR AVGVST F IMPERAT VI,
TI CAESAR AVGVST F IMPERAT VII,
TI CAESAR AVGVST F IMPERATOR V,
TI CAESAR AVGVST F IMPERATOR VII,
TI CAESAR AVGVSTI F IMPERATOR V,
TI CAESAR AVGVSTVS,
TI CAESAR DIVI AVG F AVG PONT MAX,
TI CAESAR DIVI AVG F AVGVST IMP VII,
TI CAESAR DIVI AVG F AVGVST IMP VIII,
TI CAESAR DIVI AVG F AVGVST P M TR POT XXIIII,
TI CAESAR DIVI AVG F AVGVST P M TR POT XXXIIX,
TI CAESAR DIVI AVG F AVGVST P M TR POT XXXVI,
TI CAESAR DIVI AVG F AVGVST P M TR POT XXXVII,
TI CAESAR DIVI AVG F AVGVST PM TR POT XXIIII,
TI CAESAR DIVI AVG F AVGVST PM TR POT XXXIIX,
TI CAESAR DIVI AVG F AVGVST PM TR POT XXXVII,
TI CAESAR DIVI AVG F AVGVSTVS,
TI CAESAR DIVI AVG F AVGVSTVS IMP VII,
TI CAESAR DIVI AVG F IMP VIII,
TI CAESAR DIVI AVGVSTI F AVGVSTVS,
TI CLAVD CAES AVG,
TI CLAVD CAES AVG AGRIPP AVGVSTA,
TI CLAVD CAESAR AVG GERM P M TR P,
TI CLAVD CAESAR AVG GERM P M TRIB POT P P,
TI CLAVD CAESAR AVG P M TR P,
TI CLAVD CAESAR AVG P M TR P III,
TI CLAVD CAESAR AVG P M TR P IIII,
TI CLAVD CAESAR AVG P M TR P VI IMP X,
TI CLAVD CAESAR AVG P M TR P VI IMP XI,
TI CLAVD CAESAR AVG P M TR P VIIII IMP XVI,
TI CLAVD CAESAR AVG P M TR P VIIII IMP XVIII,
TI CLAVD CAESAR AVG P M TR P X IMP P P,
TI CLAVD CAESAR AVG P M TR P X IMP XIIX,
TI CLAVD CAESAR AVG P M TR P X P P IMP XVIII,
TI CLAVD CAESAR AVG P M TR P XI IMP P P COS V,
TI CLAVDIVS CAESAR AVG,
TI CLAVDIVS CAESAR AVG GERM P M TR P,
TI CLAVDIVS CAESAR AVG GERM P M TR P IMP P P,
TI CLAVDIVS CAESAR AVG P M TR P IMP,
TI CLAVDIVS CAESAR AVG P M TR P IMP P P,
TI CLAVDIVS CAESAR AVG P M TR P IMP P P  S C,
TI CLAVDIVS CAESAR AVG P M TR P IMP P P S C,
TI CLAVDIVS CAESAR AVG P M TR P IMP S C,
TI DIVI F AVGVSTVS,
TI SEMPRONIVS GRACCVS IIIVIR A A A F F,
TR PON P P S S C,
TR POT P P S S C,
TR POT XIII,
TR POT XVI,
TR POT XVI IMP VII,
TR POT XVII,
TR POT XVII IMP VII,
TR POT XX,
TR POT XXII,
TR POT XXIIII,
TR POT XXV,
TR POT XXVI,
TR POT XXVII,
TR POT XXVIII,
TR POT XXVIIII,
TR POT XXX,
TR POT XXXI,
TR POT XXXII,
TR POT XXXIII,
TR POT XXXIIII,
TR POT XXXVI,
TR POT XXXVII,
TR POT XXXVIII,
TR POT XXXXV,
TRES GALLIAE,
TRIB POT P P S C,
VESTA P R QVIRITIVM,
VESTA P R QVIRTIVM,
VICT AVG,
VICTOR AVGVS S C,
VICTOR AVGVSTI S C,
VICTORIA AVG S C,
VICTORIA AVGVST S C,
VICTORIA AVGVSTI S C II,
VICTORIA GALBAE AVG,
VICTORIA IMP GERMAN,
VICTORIA IMP GERMANICI,
VICTORIA IMPERI ROMANI S C,
VICTORIA OTHONIS,
VICTORIA P R S C,
VICTORIAE IMP GALBAE AVG,
VIRT,
VIRTVS S C,
VOLKANVS VLTOR,
VOLVSVS VALER MESSAL IIIVIR A A A F F,
VOT P SVSC PRO SAL ET RED I O M SACR,
VOT P SVSC PRO SALVT ET RED I O M SACR,
XV VIR SACR FAC,
XXXX REMISSA S C,
[   ] AVGVSTI,
[  ] AFRICAE,
pvblivus carisivs legatvs pro praetore,
sentvs popvlvsqve romanvs imperatori caesari avgvsto consuli ⅩⅠ tribvnicia potestate Ⅵ,